,base,quote,symbol_a,symbol_b
0,NOT,USDT,NOT/USDT,NOT/USDT
1,ANIME,USDT,ANIME/USDT,ANIME/USDT
2,ONT,USDT,ONT/USDT,ONT/USDT
3,ZRO,USDC,ZRO/USDC,ZRO/USDC
4,ATOM,USDC,ATOM/USDC,ATOM/USDC
5,BNB,USDC,BNB/USDC,BNB/USDC
6,BICO,USDT,BICO/USDT,BICO/USDT
7,TURBO,USDT,TURBO/USDT,TURBO/USDT
8,ARKM,USDC,ARKM/USDC,ARKM/USDC
9,PERP,USDT,PERP/USDT,PERP/USDT
10,KAIA,USDC,KAIA/USDC,KAIA/USDC
11,ICP,USDT,ICP/USDT,ICP/USDT
12,ACH,USDT,ACH/USDT,ACH/USDT
13,WOO,USDT,WOO/USDT,WOO/USDT
14,MEME,USDT,MEME/USDT,MEME/USDT
15,ETH,USDC,ETH/USDC,ETH/USDC
16,DOT,USDC,DOT/USDC,DOT/USDC
17,ICP,EUR,ICP/EUR,ICP/EUR
18,LINK,USDC,LINK/USDC,LINK/USDC
19,CRV,USDT,CRV/USDT,CRV/USDT
20,DIA,USDT,DIA/USDT,DIA/USDT
21,S,USDT,S/USDT,S/USDT
22,APE,USDT,APE/USDT,APE/USDT
23,XTZ,USDC,XTZ/USDC,XTZ/USDC
24,BTC,EUR,BTC/EUR,BTC/EUR
25,ADA,USDC,ADA/USDC,ADA/USDC
26,XLM,USDT,XLM/USDT,XLM/USDT
27,TRUMP,USDT,TRUMP/USDT,TRUMP/USDT
28,FORTH,USDT,FORTH/USDT,FORTH/USDT
29,ASTR,USDT,ASTR/USDT,ASTR/USDT
30,PENDLE,USDC,PENDLE/USDC,PENDLE/USDC
31,PNUT,USDT,PNUT/USDT,PNUT/USDT
32,RSR,USDT,RSR/USDT,RSR/USDT
33,ENS,USDC,ENS/USDC,ENS/USDC
34,BERA,USDT,BERA/USDT,BERA/USDT
35,BAL,USDT,BAL/USDT,BAL/USDT
36,APE,USDC,APE/USDC,APE/USDC
37,SHIB,USDC,SHIB/USDC,SHIB/USDC
38,UNI,USDC,UNI/USDC,UNI/USDC
39,XLM,EUR,XLM/EUR,XLM/EUR
40,ACA,USDT,ACA/USDT,ACA/USDT
41,POL,USDC,POL/USDC,POL/USDC
42,ONE,USDT,ONE/USDT,ONE/USDT
43,ARB,USDT,ARB/USDT,ARB/USDT
44,ZRX,USDT,ZRX/USDT,ZRX/USDT
45,FXS,USDT,FXS/USDT,FXS/USDT
46,ORDI,USDT,ORDI/USDT,ORDI/USDT
47,GALA,USDT,GALA/USDT,GALA/USDT
48,CVX,USDT,CVX/USDT,CVX/USDT
49,STRK,USDC,STRK/USDC,STRK/USDC
50,NEO,USDT,NEO/USDT,NEO/USDT
51,SUSHI,USDT,SUSHI/USDT,SUSHI/USDT
52,HMSTR,USDT,HMSTR/USDT,HMSTR/USDT
53,BNT,USDT,BNT/USDT,BNT/USDT
54,BONK,USDT,BONK/USDT,BONK/USDT
55,WLD,USDC,WLD/USDC,WLD/USDC
56,ARB,USDC,ARB/USDC,ARB/USDC
57,RAY,USDT,RAY/USDT,RAY/USDT
58,TRB,USDC,TRB/USDC,TRB/USDC
59,NEO,USDC,NEO/USDC,NEO/USDC
60,BCH,USDT,BCH/USDT,BCH/USDT
61,CATI,USDC,CATI/USDC,CATI/USDC
62,W,USDT,W/USDT,W/USDT
63,JUP,USDT,JUP/USDT,JUP/USDT
64,METIS,USDT,METIS/USDT,METIS/USDT
65,USDC,USDT,USDC/USDT,USDC/USDT
66,XRP,USDC,XRP/USDC,XRP/USDC
67,AAVE,USDC,AAVE/USDC,AAVE/USDC
68,CHZ,USDC,CHZ/USDC,CHZ/USDC
69,CELO,USDT,CELO/USDT,CELO/USDT
70,YFI,USDT,YFI/USDT,YFI/USDT
71,APT,EUR,APT/EUR,APT/EUR
72,THETA,USDT,THETA/USDT,THETA/USDT
73,USDT,BRL,USDT/BRL,USDT/BRL
74,ALPHA,USDT,ALPHA/USDT,ALPHA/USDT
75,WBTC,BTC,WBTC/BTC,WBTC/BTC
76,LUNC,USDT,LUNC/USDT,LUNC/USDT
77,CELR,USDT,CELR/USDT,CELR/USDT
78,AEVO,USDT,AEVO/USDT,AEVO/USDT
79,NEIRO,USDT,NEIRO/USDT,NEIRO/USDT
80,CTXC,USDT,CTXC/USDT,CTXC/USDT
81,TRUMP,BRL,TRUMP/BRL,TRUMP/BRL
82,ETH,BTC,ETH/BTC,ETH/BTC
83,WAXP,USDT,WAXP/USDT,WAXP/USDT
84,SOL,USDC,SOL/USDC,SOL/USDC
85,IMX,USDT,IMX/USDT,IMX/USDT
86,TIA,USDT,TIA/USDT,TIA/USDT
87,ZK,USDC,ZK/USDC,ZK/USDC
88,GLM,USDT,GLM/USDT,GLM/USDT
89,TON,USDT,TON/USDT,TON/USDT
90,OP,USDT,OP/USDT,OP/USDT
91,ETHFI,USDT,ETHFI/USDT,ETHFI/USDT
92,BLUR,USDT,BLUR/USDT,BLUR/USDT
93,ETH,TRY,ETH/TRY,ETH/TRY
94,LPT,USDT,LPT/USDT,LPT/USDT
95,SC,USDT,SC/USDT,SC/USDT
96,BADGER,USDT,BADGER/USDT,BADGER/USDT
97,ALCX,USDT,ALCX/USDT,ALCX/USDT
98,BAND,USDT,BAND/USDT,BAND/USDT
99,XRP,BRL,XRP/BRL,XRP/BRL
100,OP,USDC,OP/USDC,OP/USDC
101,BIO,USDT,BIO/USDT,BIO/USDT
102,EIGEN,USDT,EIGEN/USDT,EIGEN/USDT
103,OM,USDT,OM/USDT,OM/USDT
104,ETHFI,USDC,ETHFI/USDC,ETHFI/USDC
105,JTO,USDT,JTO/USDT,JTO/USDT
106,PIXEL,USDT,PIXEL/USDT,PIXEL/USDT
107,PEPE,USDC,PEPE/USDC,PEPE/USDC
108,WIF,EUR,WIF/EUR,WIF/EUR
109,LTC,BTC,LTC/BTC,LTC/BTC
110,NOT,USDC,NOT/USDC,NOT/USDC
111,ONT,USDC,ONT/USDC,ONT/USDC
112,BTC,USDT,BTC/USDT,BTC/USDT
113,FIL,USDT,FIL/USDT,FIL/USDT
114,LSK,USDT,LSK/USDT,LSK/USDT
115,SOL,BRL,SOL/BRL,SOL/BRL
116,BANANA,USDT,BANANA/USDT,BANANA/USDT
117,DOGS,USDT,DOGS/USDT,DOGS/USDT
118,TNSR,USDT,TNSR/USDT,TNSR/USDT
119,AXS,USDT,AXS/USDT,AXS/USDT
120,TURBO,USDC,TURBO/USDC,TURBO/USDC
121,YGG,USDT,YGG/USDT,YGG/USDT
122,CFX,USDT,CFX/USDT,CFX/USDT
123,SUI,USDT,SUI/USDT,SUI/USDT
124,STX,USDT,STX/USDT,STX/USDT
125,VELODROME,USDT,VELODROME/USDT,VELODROME/USDT
126,ICP,USDC,ICP/USDC,ICP/USDC
127,HBAR,USDT,HBAR/USDT,HBAR/USDT
128,BTC,USDC,BTC/USDC,BTC/USDC
129,COMP,USDT,COMP/USDT,COMP/USDT
130,PYTH,USDT,PYTH/USDT,PYTH/USDT
131,SUI,EUR,SUI/EUR,SUI/EUR
132,ME,USDT,ME/USDT,ME/USDT
133,UMA,USDT,UMA/USDT,UMA/USDT
134,CRV,USDC,CRV/USDC,CRV/USDC
135,MOVE,USDT,MOVE/USDT,MOVE/USDT
136,KAITO,USDT,KAITO/USDT,KAITO/USDT
137,AR,USDT,AR/USDT,AR/USDT
138,XRP,TRY,XRP/TRY,XRP/TRY
139,EOS,USDT,EOS/USDT,EOS/USDT
140,XLM,USDC,XLM/USDC,XLM/USDC
141,PEPE,BRL,PEPE/BRL,PEPE/BRL
142,QTUM,USDT,QTUM/USDT,QTUM/USDT
143,AUCTION,USDT,AUCTION/USDT,AUCTION/USDT
144,AVAX,USDT,AVAX/USDT,AVAX/USDT
145,IOST,USDT,IOST/USDT,IOST/USDT
146,MKR,USDT,MKR/USDT,MKR/USDT
147,PNUT,USDC,PNUT/USDC,PNUT/USDC
148,RSR,USDC,RSR/USDC,RSR/USDC
149,TRX,EUR,TRX/EUR,TRX/EUR
150,PEOPLE,USDT,PEOPLE/USDT,PEOPLE/USDT
151,MOVE,USDC,MOVE/USDC,MOVE/USDC
152,LTC,USDT,LTC/USDT,LTC/USDT
153,AVAX,EUR,AVAX/EUR,AVAX/EUR
154,PENGU,USDT,PENGU/USDT,PENGU/USDT
155,KNC,USDT,KNC/USDT,KNC/USDT
156,ORDI,USDC,ORDI/USDC,ORDI/USDC
157,GALA,USDC,GALA/USDC,GALA/USDC
158,DOGE,USDT,DOGE/USDT,DOGE/USDT
159,APT,USDT,APT/USDT,APT/USDT
160,DYDX,USDT,DYDX/USDT,DYDX/USDT
161,BTC,BRL,BTC/BRL,BTC/BRL
162,LTC,EUR,LTC/EUR,LTC/EUR
163,JOE,USDT,JOE/USDT,JOE/USDT
164,HMSTR,USDC,HMSTR/USDC,HMSTR/USDC
165,AERGO,USDT,AERGO/USDT,AERGO/USDT
166,BONK,USDC,BONK/USDC,BONK/USDC
167,AIXBT,USDT,AIXBT/USDT,AIXBT/USDT
168,DOGE,EUR,DOGE/EUR,DOGE/EUR
169,LDO,USDT,LDO/USDT,LDO/USDT
170,ENJ,USDT,ENJ/USDT,ENJ/USDT
171,MDT,USDT,MDT/USDT,MDT/USDT
172,APT,USDC,APT/USDC,APT/USDC
173,ICX,USDT,ICX/USDT,ICX/USDT
174,1INCH,USDT,1INCH/USDT,1INCH/USDT
175,BCH,USDC,BCH/USDC,BCH/USDC
176,W,USDC,W/USDC,W/USDC
177,JUP,USDC,JUP/USDC,JUP/USDC
178,FLM,USDT,FLM/USDT,FLM/USDT
179,IQ,USDT,IQ/USDT,IQ/USDT
180,USTC,USDT,USTC/USDT,USTC/USDT
181,ZIL,USDT,ZIL/USDT,ZIL/USDT
182,SOL,ETH,SOL/ETH,SOL/ETH
183,OXT,USDT,OXT/USDT,OXT/USDT
184,FLOW,USDT,FLOW/USDT,FLOW/USDT
185,NEIRO,USDC,NEIRO/USDC,NEIRO/USDC
186,BAT,USDT,BAT/USDT,BAT/USDT
187,TIA,USDC,TIA/USDC,TIA/USDC
188,CVC,USDT,CVC/USDT,CVC/USDT
189,TON,USDC,TON/USDC,TON/USDC
190,WIF,USDT,WIF/USDT,WIF/USDT
191,ID,USDT,ID/USDT,ID/USDT
192,BLUR,USDC,BLUR/USDC,BLUR/USDC
193,ETC,USDT,ETC/USDT,ETC/USDT
194,GRT,USDT,GRT/USDT,GRT/USDT
195,GHST,USDT,GHST/USDT,GHST/USDT
196,ZRO,USDT,ZRO/USDT,ZRO/USDT
197,PHA,USDT,PHA/USDT,PHA/USDT
198,FLOKI,USDT,FLOKI/USDT,FLOKI/USDT
199,BNB,USDT,BNB/USDT,BNB/USDT
200,EGLD,USDT,EGLD/USDT,EGLD/USDT
201,SLP,USDT,SLP/USDT,SLP/USDT
202,ARKM,USDT,ARKM/USDT,ARKM/USDT
203,GAS,USDT,GAS/USDT,GAS/USDT
204,KAIA,USDT,KAIA/USDT,KAIA/USDT
205,KDA,USDT,KDA/USDT,KDA/USDT
206,WIF,USDC,WIF/USDC,WIF/USDC
207,MANA,USDT,MANA/USDT,MANA/USDT
208,GLMR,USDT,GLMR/USDT,GLMR/USDT
209,JST,USDT,JST/USDT,JST/USDT
210,USDT,TRY,USDT/TRY,USDT/TRY
211,WBTC,USDT,WBTC/USDT,WBTC/USDT
212,EIGEN,USDC,EIGEN/USDC,EIGEN/USDC
213,GRT,EUR,GRT/EUR,GRT/EUR
214,OM,USDC,OM/USDC,OM/USDC
215,ATOM,EUR,ATOM/EUR,ATOM/EUR
216,EGLD,EUR,EGLD/EUR,EGLD/EUR
217,JTO,USDC,JTO/USDC,JTO/USDC
218,ETH,USDT,ETH/USDT,ETH/USDT
219,ELF,USDT,ELF/USDT,ELF/USDT
220,TRUMP,TRY,TRUMP/TRY,TRUMP/TRY
221,SSV,USDT,SSV/USDT,SSV/USDT
222,FLOKI,USDC,FLOKI/USDC,FLOKI/USDC
223,PHA,USDC,PHA/USDC,PHA/USDC
224,DOT,USDT,DOT/USDT,DOT/USDT
225,API3,USDT,API3/USDT,API3/USDT
226,LINK,USDT,LINK/USDT,LINK/USDT
227,ACT,USDT,ACT/USDT,ACT/USDT
228,XTZ,USDT,XTZ/USDT,XTZ/USDT
229,ILV,USDT,ILV/USDT,ILV/USDT
230,GMX,USDT,GMX/USDT,GMX/USDT
231,FIL,USDC,FIL/USDC,FIL/USDC
232,ETH,EUR,ETH/EUR,ETH/EUR
233,ADA,USDT,ADA/USDT,ADA/USDT
234,INJ,USDT,INJ/USDT,INJ/USDT
235,DOGS,USDC,DOGS/USDC,DOGS/USDC
236,RDNT,USDT,RDNT/USDT,RDNT/USDT
237,TNSR,USDC,TNSR/USDC,TNSR/USDC
238,DOT,EUR,DOT/EUR,DOT/EUR
239,G,USDT,G/USDT,G/USDT
240,YGG,USDC,YGG/USDC,YGG/USDC
241,CFX,USDC,CFX/USDC,CFX/USDC
242,PENDLE,USDT,PENDLE/USDT,PENDLE/USDT
243,LINK,EUR,LINK/EUR,LINK/EUR
244,SKL,USDT,SKL/USDT,SKL/USDT
245,ENS,USDT,ENS/USDT,ENS/USDT
246,TRX,USDT,TRX/USDT,TRX/USDT
247,SUI,USDC,SUI/USDC,SUI/USDC
248,STX,USDC,STX/USDC,STX/USDC
249,MASK,USDT,MASK/USDT,MASK/USDT
250,HBAR,USDC,HBAR/USDC,HBAR/USDC
251,SAND,USDT,SAND/USDT,SAND/USDT
252,BCH,BTC,BCH/BTC,BCH/BTC
253,ADA,EUR,ADA/EUR,ADA/EUR
254,ALGO,USDT,ALGO/USDT,ALGO/USDT
255,SHIB,USDT,SHIB/USDT,SHIB/USDT
256,UNI,USDT,UNI/USDT,UNI/USDT
257,POL,USDT,POL/USDT,POL/USDT
258,SOL,BTC,SOL/BTC,SOL/BTC
259,PYTH,USDC,PYTH/USDC,PYTH/USDC
260,LRC,USDT,LRC/USDT,LRC/USDT
261,MINA,USDT,MINA/USDT,MINA/USDT
262,TRX,USDC,TRX/USDC,TRX/USDC
263,STRK,USDT,STRK/USDT,STRK/USDT
264,SHIB,EUR,SHIB/EUR,SHIB/EUR
265,AR,USDC,AR/USDC,AR/USDC
266,SAND,USDC,SAND/USDC,SAND/USDC
267,STORJ,USDT,STORJ/USDT,STORJ/USDT
268,XNO,USDT,XNO/USDT,XNO/USDT
269,ALGO,USDC,ALGO/USDC,ALGO/USDC
270,EOS,USDC,EOS/USDC,EOS/USDC
271,SOL,TRY,SOL/TRY,SOL/TRY
272,TRUMP,EUR,TRUMP/EUR,TRUMP/EUR
273,AVAX,USDC,AVAX/USDC,AVAX/USDC
274,NULS,USDT,NULS/USDT,NULS/USDT
275,WLD,USDT,WLD/USDT,WLD/USDT
276,PEOPLE,USDC,PEOPLE/USDC,PEOPLE/USDC
277,MOVR,USDT,MOVR/USDT,MOVR/USDT
278,TRB,USDT,TRB/USDT,TRB/USDT
279,LTC,USDC,LTC/USDC,LTC/USDC
280,CATI,USDT,CATI/USDT,CATI/USDT
281,DGB,USDT,DGB/USDT,DGB/USDT
282,ETH,BRL,ETH/BRL,ETH/BRL
283,XRP,USDT,XRP/USDT,XRP/USDT
284,AAVE,USDT,AAVE/USDT,AAVE/USDT
285,MAGIC,USDT,MAGIC/USDT,MAGIC/USDT
286,ARB,EUR,ARB/EUR,ARB/EUR
287,CHZ,USDT,CHZ/USDT,CHZ/USDT
288,RENDER,USDT,RENDER/USDT,RENDER/USDT
289,DOGE,USDC,DOGE/USDC,DOGE/USDC
290,ACE,USDT,ACE/USDT,ACE/USDT
291,NEAR,USDT,NEAR/USDT,NEAR/USDT
292,DYDX,USDC,DYDX/USDC,DYDX/USDC
293,SCR,USDT,SCR/USDT,SCR/USDT
294,XRP,EUR,XRP/EUR,XRP/EUR
295,RPL,USDT,RPL/USDT,RPL/USDT
296,LQTY,USDT,LQTY/USDT,LQTY/USDT
297,GMT,USDT,GMT/USDT,GMT/USDT
298,SOL,USDT,SOL/USDT,SOL/USDT
299,LDO,USDC,LDO/USDC,LDO/USDC
300,ZK,USDT,ZK/USDT,ZK/USDT
301,CETUS,USDT,CETUS/USDT,CETUS/USDT
302,SNT,USDT,SNT/USDT,SNT/USDT
303,IOTA,USDT,IOTA/USDT,IOTA/USDT
304,NEAR,USDC,NEAR/USDC,NEAR/USDC
305,FET,USDT,FET/USDT,FET/USDT
306,SOL,EUR,SOL/EUR,SOL/EUR
307,AGLD,USDT,AGLD/USDT,AGLD/USDT
308,T,USDT,T/USDT,T/USDT
309,KSM,USDT,KSM/USDT,KSM/USDT
310,MLN,USDT,MLN/USDT,MLN/USDT
311,SNX,USDT,SNX/USDT,SNX/USDT
312,CETUS,USDC,CETUS/USDC,CETUS/USDC
313,STX,BTC,STX/BTC,STX/BTC
314,LUNA,USDT,LUNA/USDT,LUNA/USDT
315,RVN,USDT,RVN/USDT,RVN/USDT
316,CITY,USDT,CITY/USDT,CITY/USDT
317,BTC,TRY,BTC/TRY,BTC/TRY
318,ATOM,USDT,ATOM/USDT,ATOM/USDT
319,PEPE,USDT,PEPE/USDT,PEPE/USDT
320,ERN,USDT,ERN/USDT,ERN/USDT
321,NMR,USDT,NMR/USDT,NMR/USDT
322,OP,EUR,OP/EUR,OP/EUR
323,BOME,USDT,BOME/USDT,BOME/USDT
